Organisation,Date,Meeting,RawName,CleanName,VideoLink,CouncillorOrg
Hastings District Council,13/09/2019,Hearings Committee,,,,
Hastings District Council,10/09/2019,Council,,,,
Hastings District Council,09/09/2019,Hastings District Rural Community Board,,,,
Hastings District Council,09/09/2019,Rural Halls Subcommittee,,,,
Hastings District Council,04/09/2019,Hastings District Youth Council,,,,
Hastings District Council,02/09/2019,Risk and Audit Subcommittee,,,,
Hastings District Council,29/08/2019,Temporary Road Closures Subcommittee,Councillor Nixon (Chair),Nixon,,HDC
Hastings District Council,29/08/2019,Temporary Road Closures Subcommittee,Councillor Watkins (Deputy Chair),Watkins,,HDC
Hastings District Council,22/08/2019,Council,Mayor Hazlehurst (Chair),Hazlehurst,,HDC
Hastings District Council,22/08/2019,Council,"Councillors Barber, Harvey, Heaps, Kerr, Lawson, Lyons, Nixon, O’Keefe, Poulain, Redstone, Schollum and  Travers ",Barber,,HDC
Hastings District Council,22/08/2019,Council,"Councillors Barber, Harvey, Heaps, Kerr, Lawson, Lyons, Nixon, O’Keefe, Poulain, Redstone, Schollum and  Travers ",Harvey,,HDC
Hastings District Council,22/08/2019,Council,"Councillors Barber, Harvey, Heaps, Kerr, Lawson, Lyons, Nixon, O’Keefe, Poulain, Redstone, Schollum and  Travers ",Heaps,,HDC
Hastings District Council,22/08/2019,Council,"Councillors Barber, Harvey, Heaps, Kerr, Lawson, Lyons, Nixon, O’Keefe, Poulain, Redstone, Schollum and  Travers ",Kerr,,HDC
Hastings District Council,22/08/2019,Council,"Councillors Barber, Harvey, Heaps, Kerr, Lawson, Lyons, Nixon, O’Keefe, Poulain, Redstone, Schollum and  Travers ",Lawson,,HDC
Hastings District Council,22/08/2019,Council,"Councillors Barber, Harvey, Heaps, Kerr, Lawson, Lyons, Nixon, O’Keefe, Poulain, Redstone, Schollum and  Travers ",Lyons,,HDC
Hastings District Council,22/08/2019,Council,"Councillors Barber, Harvey, Heaps, Kerr, Lawson, Lyons, Nixon, O’Keefe, Poulain, Redstone, Schollum and  Travers ",Nixon,,HDC
Hastings District Council,22/08/2019,Council,"Councillors Barber, Harvey, Heaps, Kerr, Lawson, Lyons, Nixon, O’Keefe, Poulain, Redstone, Schollum and  Travers ",O’Keefe,,HDC
Hastings District Council,22/08/2019,Council,"Councillors Barber, Harvey, Heaps, Kerr, Lawson, Lyons, Nixon, O’Keefe, Poulain, Redstone, Schollum and  Travers ",Poulain,,HDC
Hastings District Council,22/08/2019,Council,"Councillors Barber, Harvey, Heaps, Kerr, Lawson, Lyons, Nixon, O’Keefe, Poulain, Redstone, Schollum and  Travers ",Redstone,,HDC
Hastings District Council,22/08/2019,Council,"Councillors Barber, Harvey, Heaps, Kerr, Lawson, Lyons, Nixon, O’Keefe, Poulain, Redstone, Schollum and  Travers ",Schollum,,HDC
Hastings District Council,22/08/2019,Council,"Councillors Barber, Harvey, Heaps, Kerr, Lawson, Lyons, Nixon, O’Keefe, Poulain, Redstone, Schollum and  Travers ",Travers,,HDC
Hastings District Council,15/08/2019,Council,Mayor Hazlehurst (Chair),Hazlehurst,,HDC
Hastings District Council,15/08/2019,Council,"Councillors Barber, Dixon, Harvey, Heaps, Kerr, Lawson, Lyons, Nixon, O’Keefe, Poulain, Redstone, Schollum, Travers and Watkins.",Barber,,HDC
Hastings District Council,15/08/2019,Council,"Councillors Barber, Dixon, Harvey, Heaps, Kerr, Lawson, Lyons, Nixon, O’Keefe, Poulain, Redstone, Schollum, Travers and Watkins.",Dixon,,HDC
Hastings District Council,15/08/2019,Council,"Councillors Barber, Dixon, Harvey, Heaps, Kerr, Lawson, Lyons, Nixon, O’Keefe, Poulain, Redstone, Schollum, Travers and Watkins.",Harvey,,HDC
Hastings District Council,15/08/2019,Council,"Councillors Barber, Dixon, Harvey, Heaps, Kerr, Lawson, Lyons, Nixon, O’Keefe, Poulain, Redstone, Schollum, Travers and Watkins.",Heaps,,HDC
Hastings District Council,15/08/2019,Council,"Councillors Barber, Dixon, Harvey, Heaps, Kerr, Lawson, Lyons, Nixon, O’Keefe, Poulain, Redstone, Schollum, Travers and Watkins.",Kerr,,HDC
Hastings District Council,15/08/2019,Council,"Councillors Barber, Dixon, Harvey, Heaps, Kerr, Lawson, Lyons, Nixon, O’Keefe, Poulain, Redstone, Schollum, Travers and Watkins.",Lawson,,HDC
Hastings District Council,15/08/2019,Council,"Councillors Barber, Dixon, Harvey, Heaps, Kerr, Lawson, Lyons, Nixon, O’Keefe, Poulain, Redstone, Schollum, Travers and Watkins.",Lyons,,HDC
Hastings District Council,15/08/2019,Council,"Councillors Barber, Dixon, Harvey, Heaps, Kerr, Lawson, Lyons, Nixon, O’Keefe, Poulain, Redstone, Schollum, Travers and Watkins.",Nixon,,HDC
Hastings District Council,15/08/2019,Council,"Councillors Barber, Dixon, Harvey, Heaps, Kerr, Lawson, Lyons, Nixon, O’Keefe, Poulain, Redstone, Schollum, Travers and Watkins.",O’Keefe,,HDC
Hastings District Council,15/08/2019,Council,"Councillors Barber, Dixon, Harvey, Heaps, Kerr, Lawson, Lyons, Nixon, O’Keefe, Poulain, Redstone, Schollum, Travers and Watkins.",Poulain,,HDC
Hastings District Council,15/08/2019,Council,"Councillors Barber, Dixon, Harvey, Heaps, Kerr, Lawson, Lyons, Nixon, O’Keefe, Poulain, Redstone, Schollum, Travers and Watkins.",Redstone,,HDC
Hastings District Council,15/08/2019,Council,"Councillors Barber, Dixon, Harvey, Heaps, Kerr, Lawson, Lyons, Nixon, O’Keefe, Poulain, Redstone, Schollum, Travers and Watkins.",Schollum,,HDC
Hastings District Council,15/08/2019,Council,"Councillors Barber, Dixon, Harvey, Heaps, Kerr, Lawson, Lyons, Nixon, O’Keefe, Poulain, Redstone, Schollum, Travers and Watkins.",Travers,,HDC
Hastings District Council,15/08/2019,Council,"Councillors Barber, Dixon, Harvey, Heaps, Kerr, Lawson, Lyons, Nixon, O’Keefe, Poulain, Redstone, Schollum, Travers and Watkins.",Watkins,,HDC
Hastings District Council,14/08/2019,HDC - Māori Joint Committee,Chair: Mr Robin Hape,,,
Hastings District Council,14/08/2019,HDC - Māori Joint Committee,                                               Mayor Hazlehurst,Hazlehurst,,HDC
Hastings District Council,14/08/2019,HDC - Māori Joint Committee,"                                               Councillors O’Keefe, Travers, Barber, (Deputy Chair) Lawson and Poulain",O’Keefe,,HDC
Hastings District Council,14/08/2019,HDC - Māori Joint Committee,"                                               Councillors O’Keefe, Travers, Barber, (Deputy Chair) Lawson and Poulain",Travers,,HDC
Hastings District Council,14/08/2019,HDC - Māori Joint Committee,"                                               Councillors O’Keefe, Travers, Barber, (Deputy Chair) Lawson and Poulain",Barber,,HDC
Hastings District Council,14/08/2019,HDC - Māori Joint Committee,"                                               Councillors O’Keefe, Travers, Barber, (Deputy Chair) Lawson and Poulain",Lawson,,HDC
Hastings District Council,14/08/2019,HDC - Māori Joint Committee,"                                               Councillors O’Keefe, Travers, Barber, (Deputy Chair) Lawson and Poulain",Poulain,,HDC
Hastings District Council,14/08/2019,HDC - Māori Joint Committee,"                                               Messrs Te Rangihau Gilbert, Ms Tracee Te Huia, Mrs Evelyn Ratima and Mr Ngaio Tiuka ",,,
Hastings District Council,14/08/2019,HDC - Māori Joint Committee,"                                               Messrs Te Rangihau Gilbert, Ms Tracee Te Huia, Mrs Evelyn Ratima and Mr Ngaio Tiuka ",,,
Hastings District Council,14/08/2019,HDC - Māori Joint Committee,"                                               Messrs Te Rangihau Gilbert, Ms Tracee Te Huia, Mrs Evelyn Ratima and Mr Ngaio Tiuka ",,,
Hastings District Council,14/08/2019,HDC - Māori Joint Committee,"                                               Messrs Te Rangihau Gilbert, Ms Tracee Te Huia, Mrs Evelyn Ratima and Mr Ngaio Tiuka ",,,
Hastings District Council,07/08/2019,Hastings District Youth Council,Councillor Dixon – Council Liaison,Dixon,,HDC
Hastings District Council,02/08/2019,HDC–Tangata Whenua Wastewater Joint Committee,Chair: Councillor Heaps,Heaps,,HDC
Hastings District Council,02/08/2019,HDC–Tangata Whenua Wastewater Joint Committee,"Councillors Lyons, Travers and Watkins",Lyons,,HDC
Hastings District Council,02/08/2019,HDC–Tangata Whenua Wastewater Joint Committee,"Councillors Lyons, Travers and Watkins",Travers,,HDC
Hastings District Council,02/08/2019,HDC–Tangata Whenua Wastewater Joint Committee,"Councillors Lyons, Travers and Watkins",Watkins,,HDC
Hastings District Council,02/08/2019,HDC–Tangata Whenua Wastewater Joint Committee,"Mr Peter Paku, Mrs Evelyn Ratima and Ms Tania Kupa-Huata",,,
Hastings District Council,02/08/2019,HDC–Tangata Whenua Wastewater Joint Committee,"Mr Peter Paku, Mrs Evelyn Ratima and Ms Tania Kupa-Huata",,,
Hastings District Council,02/08/2019,HDC–Tangata Whenua Wastewater Joint Committee,"Mr Peter Paku, Mrs Evelyn Ratima and Ms Tania Kupa-Huata",,,
Hastings District Council,01/08/2019,Strategy Planning and Partnerships Committee,Councillor Lyons (Chair),Lyons,,HDC
Hastings District Council,01/08/2019,Strategy Planning and Partnerships Committee,Mayor Hazlehurst,Hazlehurst,,HDC
Hastings District Council,01/08/2019,Strategy Planning and Partnerships Committee,"Councillors Barber (Deputy Chair), Dixon, Heaps, Kerr, Lawson, O’Keefe, Poulain, Redstone, Travers and Watkins and Tracee Te Huia ",Barber,,HDC
Hastings District Council,01/08/2019,Strategy Planning and Partnerships Committee,"Councillors Barber (Deputy Chair), Dixon, Heaps, Kerr, Lawson, O’Keefe, Poulain, Redstone, Travers and Watkins and Tracee Te Huia ",Dixon,,HDC
Hastings District Council,01/08/2019,Strategy Planning and Partnerships Committee,"Councillors Barber (Deputy Chair), Dixon, Heaps, Kerr, Lawson, O’Keefe, Poulain, Redstone, Travers and Watkins and Tracee Te Huia ",Heaps,,HDC
Hastings District Council,01/08/2019,Strategy Planning and Partnerships Committee,"Councillors Barber (Deputy Chair), Dixon, Heaps, Kerr, Lawson, O’Keefe, Poulain, Redstone, Travers and Watkins and Tracee Te Huia ",Kerr,,HDC
Hastings District Council,01/08/2019,Strategy Planning and Partnerships Committee,"Councillors Barber (Deputy Chair), Dixon, Heaps, Kerr, Lawson, O’Keefe, Poulain, Redstone, Travers and Watkins and Tracee Te Huia ",Lawson,,HDC
Hastings District Council,01/08/2019,Strategy Planning and Partnerships Committee,"Councillors Barber (Deputy Chair), Dixon, Heaps, Kerr, Lawson, O’Keefe, Poulain, Redstone, Travers and Watkins and Tracee Te Huia ",O’Keefe,,HDC
Hastings District Council,01/08/2019,Strategy Planning and Partnerships Committee,"Councillors Barber (Deputy Chair), Dixon, Heaps, Kerr, Lawson, O’Keefe, Poulain, Redstone, Travers and Watkins and Tracee Te Huia ",Poulain,,HDC
Hastings District Council,01/08/2019,Strategy Planning and Partnerships Committee,"Councillors Barber (Deputy Chair), Dixon, Heaps, Kerr, Lawson, O’Keefe, Poulain, Redstone, Travers and Watkins and Tracee Te Huia ",Redstone,,HDC
Hastings District Council,01/08/2019,Strategy Planning and Partnerships Committee,"Councillors Barber (Deputy Chair), Dixon, Heaps, Kerr, Lawson, O’Keefe, Poulain, Redstone, Travers and Watkins and Tracee Te Huia ",Travers,,HDC
Hastings District Council,01/08/2019,Strategy Planning and Partnerships Committee,"Councillors Barber (Deputy Chair), Dixon, Heaps, Kerr, Lawson, O’Keefe, Poulain, Redstone, Travers and Watkins and Tracee Te Huia ",Watkins,,HDC
Hastings District Council,01/08/2019,Strategy Planning and Partnerships Committee,"Councillors Barber (Deputy Chair), Dixon, Heaps, Kerr, Lawson, O’Keefe, Poulain, Redstone, Travers and Watkins and Tracee Te Huia ",,,
Hastings District Council,29/07/2019,Hearings Committee,,,,
Hastings District Council,22/07/2019,International Advisory Group,Chair:Councillor TraversMayor HazlehurstCouncillors Dixon and Watkins,Travers,,HDC
Hastings District Council,22/07/2019,International Advisory Group,Chair:Councillor TraversMayor HazlehurstCouncillors Dixon and Watkins,Hazlehurst,,HDC
Hastings District Council,22/07/2019,International Advisory Group,Chair:Councillor TraversMayor HazlehurstCouncillors Dixon and Watkins,Dixon,,HDC
Hastings District Council,22/07/2019,International Advisory Group,Chair:Councillor TraversMayor HazlehurstCouncillors Dixon and Watkins,Watkins,,HDC
Hastings District Council,11/07/2019,Council,Mayor Hazlehurst (Chair),Hazlehurst,,HDC
Hastings District Council,11/07/2019,Council,"Councillors Barber, Dixon, Harvey, Heaps, Kerr, Lawson, Nixon, Redstone, Schollum, and Watkins.",Barber,,HDC
Hastings District Council,11/07/2019,Council,"Councillors Barber, Dixon, Harvey, Heaps, Kerr, Lawson, Nixon, Redstone, Schollum, and Watkins.",Dixon,,HDC
Hastings District Council,11/07/2019,Council,"Councillors Barber, Dixon, Harvey, Heaps, Kerr, Lawson, Nixon, Redstone, Schollum, and Watkins.",Harvey,,HDC
Hastings District Council,11/07/2019,Council,"Councillors Barber, Dixon, Harvey, Heaps, Kerr, Lawson, Nixon, Redstone, Schollum, and Watkins.",Heaps,,HDC
Hastings District Council,11/07/2019,Council,"Councillors Barber, Dixon, Harvey, Heaps, Kerr, Lawson, Nixon, Redstone, Schollum, and Watkins.",Kerr,,HDC
Hastings District Council,11/07/2019,Council,"Councillors Barber, Dixon, Harvey, Heaps, Kerr, Lawson, Nixon, Redstone, Schollum, and Watkins.",Lawson,,HDC
Hastings District Council,11/07/2019,Council,"Councillors Barber, Dixon, Harvey, Heaps, Kerr, Lawson, Nixon, Redstone, Schollum, and Watkins.",Nixon,,HDC
Hastings District Council,11/07/2019,Council,"Councillors Barber, Dixon, Harvey, Heaps, Kerr, Lawson, Nixon, Redstone, Schollum, and Watkins.",Redstone,,HDC
Hastings District Council,11/07/2019,Council,"Councillors Barber, Dixon, Harvey, Heaps, Kerr, Lawson, Nixon, Redstone, Schollum, and Watkins.",Schollum,,HDC
Hastings District Council,11/07/2019,Council,"Councillors Barber, Dixon, Harvey, Heaps, Kerr, Lawson, Nixon, Redstone, Schollum, and Watkins.",Watkins,,HDC
Hastings District Council,03/07/2019,Hastings District Youth Council,Councillor Dixon –Council Liaison,Dixon,,HDC
Hastings District Council,02/07/2019,Risk and Audit Subcommittee,Mr J Nichols (Chair),,,
Hastings District Council,02/07/2019,Risk and Audit Subcommittee,Mayor Hazlehurst,Hazlehurst,,HDC
Hastings District Council,02/07/2019,Risk and Audit Subcommittee,Deputy Mayor Kerr (Deputy Chair),Kerr,,HDC
Hastings District Council,02/07/2019,Risk and Audit Subcommittee,Councillors Nixon and Travers ,Nixon,,HDC
Hastings District Council,,,,Travers,,HDC
Hastings District Council,28/06/2019,HDC–Tangata Whenua Wastewater Joint Committee,Chair: Councillor Heaps,Heaps,,HDC
Hastings District Council,28/06/2019,HDC–Tangata Whenua Wastewater Joint Committee,"Councillors Barber, Travers and Watkins",Barber,,HDC
Hastings District Council,28/06/2019,HDC–Tangata Whenua Wastewater Joint Committee,"Councillors Barber, Travers and Watkins",Travers,,HDC
Hastings District Council,28/06/2019,HDC–Tangata Whenua Wastewater Joint Committee,"Councillors Barber, Travers and Watkins",Watkins,,HDC
Hastings District Council,28/06/2019,HDC–Tangata Whenua Wastewater Joint Committee,Mrs Evelyn Ratima and Tania Kupa Huata,,,
Hastings District Council,28/06/2019,HDC–Tangata Whenua Wastewater Joint Committee,Mrs Evelyn Ratima and Tania Kupa Huata,,,
Hastings District Council,27/06/2019,Council,Mayor Hazlehurst (Chair),Hazlehurst,,HDC
Hastings District Council,27/06/2019,Council,"Councillors Barber, Dixon, Harvey, Heaps, Kerr, Lawson, Nixon, O’Keefe, Poulain, Redstone, Schollum, Travers and Watkins.",Barber,,HDC
Hastings District Council,27/06/2019,Council,"Councillors Barber, Dixon, Harvey, Heaps, Kerr, Lawson, Nixon, O’Keefe, Poulain, Redstone, Schollum, Travers and Watkins.",Dixon,,HDC
Hastings District Council,27/06/2019,Council,"Councillors Barber, Dixon, Harvey, Heaps, Kerr, Lawson, Nixon, O’Keefe, Poulain, Redstone, Schollum, Travers and Watkins.",Harvey,,HDC
Hastings District Council,27/06/2019,Council,"Councillors Barber, Dixon, Harvey, Heaps, Kerr, Lawson, Nixon, O’Keefe, Poulain, Redstone, Schollum, Travers and Watkins.",Heaps,,HDC
Hastings District Council,27/06/2019,Council,"Councillors Barber, Dixon, Harvey, Heaps, Kerr, Lawson, Nixon, O’Keefe, Poulain, Redstone, Schollum, Travers and Watkins.",Kerr,,HDC
Hastings District Council,27/06/2019,Council,"Councillors Barber, Dixon, Harvey, Heaps, Kerr, Lawson, Nixon, O’Keefe, Poulain, Redstone, Schollum, Travers and Watkins.",Lawson,,HDC
Hastings District Council,27/06/2019,Council,"Councillors Barber, Dixon, Harvey, Heaps, Kerr, Lawson, Nixon, O’Keefe, Poulain, Redstone, Schollum, Travers and Watkins.",Nixon,,HDC
Hastings District Council,27/06/2019,Council,"Councillors Barber, Dixon, Harvey, Heaps, Kerr, Lawson, Nixon, O’Keefe, Poulain, Redstone, Schollum, Travers and Watkins.",O’Keefe,,HDC
Hastings District Council,27/06/2019,Council,"Councillors Barber, Dixon, Harvey, Heaps, Kerr, Lawson, Nixon, O’Keefe, Poulain, Redstone, Schollum, Travers and Watkins.",Poulain,,HDC
Hastings District Council,27/06/2019,Council,"Councillors Barber, Dixon, Harvey, Heaps, Kerr, Lawson, Nixon, O’Keefe, Poulain, Redstone, Schollum, Travers and Watkins.",Redstone,,HDC
Hastings District Council,27/06/2019,Council,"Councillors Barber, Dixon, Harvey, Heaps, Kerr, Lawson, Nixon, O’Keefe, Poulain, Redstone, Schollum, Travers and Watkins.",Schollum,,HDC
Hastings District Council,27/06/2019,Council,"Councillors Barber, Dixon, Harvey, Heaps, Kerr, Lawson, Nixon, O’Keefe, Poulain, Redstone, Schollum, Travers and Watkins.",Travers,,HDC
Hastings District Council,27/06/2019,Council,"Councillors Barber, Dixon, Harvey, Heaps, Kerr, Lawson, Nixon, O’Keefe, Poulain, Redstone, Schollum, Travers and Watkins.",Watkins,,HDC
Hastings District Council,21/06/2019,Omarunui Refuse Landfill Joint Committee,Councillor Heaps,Heaps,,HDC
Hastings District Council,21/06/2019,Omarunui Refuse Landfill Joint Committee,Councillors Lawson and Redstone (HDC) ,Lawson,,HDC
Hastings District Council,21/06/2019,Omarunui Refuse Landfill Joint Committee,Councillors Lawson and Redstone (HDC) ,Redstone,,HDC
Hastings District Council,21/06/2019,Omarunui Refuse Landfill Joint Committee,Councillors Dallimore (Deputy Chair) and Tapine (NCC),Dallimore,,NCC
Hastings District Council,21/06/2019,Omarunui Refuse Landfill Joint Committee,Councillors Dallimore (Deputy Chair) and Tapine (NCC),Tapine,,NCC
Hastings District Council,20/06/2019,Temporary Road Closures Subcommittee,Councillor Nixon (Chair) ,Nixon,,HDC
Hastings District Council,18/06/2019,Appointments Committee,Councillor Kerr (Chair)Councillors BarberandPoulain ,Kerr,,HDC
Hastings District Council,18/06/2019,Appointments Committee,Councillor Kerr (Chair)Councillors BarberandPoulain ,Barber,,HDC
Hastings District Council,18/06/2019,Appointments Committee,Councillor Kerr (Chair)Councillors BarberandPoulain ,Poulain,,HDC
Hastings District Council,12/06/2019,Hastings District Youth Council,Councillor Dixon – Council Liaison,Dixon,,HDC
Hastings District Council,11/06/2019,Commissioner Hearing,Chair: Commissioner Paul Cooney,,,
Hastings District Council,,,                                      Commissioner Rauru Kirikiri,,,
Hastings District Council,11/06/2019,Commissioner Hearing,,,,
Hastings District Council,11/06/2019,Commissioner Hearing,,,,
Hastings District Council,11/06/2019,Commissioner Hearing,,,,
Hastings District Council,04/06/2019,Council,Mayor Hazlehurst (Chair),Hazlehurst,,HDC
Hastings District Council,04/06/2019,Council,"Councillors Barber, Dixon, Harvey, Heaps, Kerr, Lawson, Lyons, Nixon, O’Keefe, Poulain, Redstone, Schollum, Travers and Watkins.",Barber,,HDC
Hastings District Council,04/06/2019,Council,"Councillors Barber, Dixon, Harvey, Heaps, Kerr, Lawson, Lyons, Nixon, O’Keefe, Poulain, Redstone, Schollum, Travers and Watkins.",Dixon,,HDC
Hastings District Council,04/06/2019,Council,"Councillors Barber, Dixon, Harvey, Heaps, Kerr, Lawson, Lyons, Nixon, O’Keefe, Poulain, Redstone, Schollum, Travers and Watkins.",Harvey,,HDC
Hastings District Council,04/06/2019,Council,"Councillors Barber, Dixon, Harvey, Heaps, Kerr, Lawson, Lyons, Nixon, O’Keefe, Poulain, Redstone, Schollum, Travers and Watkins.",Heaps,,HDC
Hastings District Council,04/06/2019,Council,"Councillors Barber, Dixon, Harvey, Heaps, Kerr, Lawson, Lyons, Nixon, O’Keefe, Poulain, Redstone, Schollum, Travers and Watkins.",Kerr,,HDC
Hastings District Council,04/06/2019,Council,"Councillors Barber, Dixon, Harvey, Heaps, Kerr, Lawson, Lyons, Nixon, O’Keefe, Poulain, Redstone, Schollum, Travers and Watkins.",Lawson,,HDC
Hastings District Council,04/06/2019,Council,"Councillors Barber, Dixon, Harvey, Heaps, Kerr, Lawson, Lyons, Nixon, O’Keefe, Poulain, Redstone, Schollum, Travers and Watkins.",Lyons,,HDC
Hastings District Council,04/06/2019,Council,"Councillors Barber, Dixon, Harvey, Heaps, Kerr, Lawson, Lyons, Nixon, O’Keefe, Poulain, Redstone, Schollum, Travers and Watkins.",Nixon,,HDC
Hastings District Council,04/06/2019,Council,"Councillors Barber, Dixon, Harvey, Heaps, Kerr, Lawson, Lyons, Nixon, O’Keefe, Poulain, Redstone, Schollum, Travers and Watkins.",O’Keefe,,HDC
Hastings District Council,04/06/2019,Council,"Councillors Barber, Dixon, Harvey, Heaps, Kerr, Lawson, Lyons, Nixon, O’Keefe, Poulain, Redstone, Schollum, Travers and Watkins.",Poulain,,HDC
Hastings District Council,04/06/2019,Council,"Councillors Barber, Dixon, Harvey, Heaps, Kerr, Lawson, Lyons, Nixon, O’Keefe, Poulain, Redstone, Schollum, Travers and Watkins.",Redstone,,HDC
Hastings District Council,04/06/2019,Council,"Councillors Barber, Dixon, Harvey, Heaps, Kerr, Lawson, Lyons, Nixon, O’Keefe, Poulain, Redstone, Schollum, Travers and Watkins.",Schollum,,HDC
Hastings District Council,04/06/2019,Council,"Councillors Barber, Dixon, Harvey, Heaps, Kerr, Lawson, Lyons, Nixon, O’Keefe, Poulain, Redstone, Schollum, Travers and Watkins.",Travers,,HDC
Hastings District Council,04/06/2019,Council,"Councillors Barber, Dixon, Harvey, Heaps, Kerr, Lawson, Lyons, Nixon, O’Keefe, Poulain, Redstone, Schollum, Travers and Watkins.",Watkins,,HDC
Hastings District Council,04/06/2019,Council,"Councillors Barber, Dixon, Harvey, Heaps, Kerr, Lawson, Lyons, Nixon, O’Keefe, Poulain, Redstone, Schollum, Travers and Watkins.",,,
Hastings District Council,31/05/2019,Hearings Committee,,,,
Hastings District Council,30/05/2019,Council,Mayor Hazlehurst (Chair),Hazlehurst,,HDC
Hastings District Council,30/05/2019,Council,"Councillors Barber, Dixon, Harvey, Heaps, Kerr, Lawson, Lyons, Nixon, O’Keefe, Poulain, Redstone, Schollum, Travers and Watkins.",Barber,,HDC
Hastings District Council,30/05/2019,Council,"Councillors Barber, Dixon, Harvey, Heaps, Kerr, Lawson, Lyons, Nixon, O’Keefe, Poulain, Redstone, Schollum, Travers and Watkins.",Dixon,,HDC
Hastings District Council,30/05/2019,Council,"Councillors Barber, Dixon, Harvey, Heaps, Kerr, Lawson, Lyons, Nixon, O’Keefe, Poulain, Redstone, Schollum, Travers and Watkins.",Harvey,,HDC
Hastings District Council,30/05/2019,Council,"Councillors Barber, Dixon, Harvey, Heaps, Kerr, Lawson, Lyons, Nixon, O’Keefe, Poulain, Redstone, Schollum, Travers and Watkins.",Heaps,,HDC
Hastings District Council,30/05/2019,Council,"Councillors Barber, Dixon, Harvey, Heaps, Kerr, Lawson, Lyons, Nixon, O’Keefe, Poulain, Redstone, Schollum, Travers and Watkins.",Kerr,,HDC
Hastings District Council,30/05/2019,Council,"Councillors Barber, Dixon, Harvey, Heaps, Kerr, Lawson, Lyons, Nixon, O’Keefe, Poulain, Redstone, Schollum, Travers and Watkins.",Lawson,,HDC
Hastings District Council,30/05/2019,Council,"Councillors Barber, Dixon, Harvey, Heaps, Kerr, Lawson, Lyons, Nixon, O’Keefe, Poulain, Redstone, Schollum, Travers and Watkins.",Lyons,,HDC
Hastings District Council,30/05/2019,Council,"Councillors Barber, Dixon, Harvey, Heaps, Kerr, Lawson, Lyons, Nixon, O’Keefe, Poulain, Redstone, Schollum, Travers and Watkins.",Nixon,,HDC
Hastings District Council,30/05/2019,Council,"Councillors Barber, Dixon, Harvey, Heaps, Kerr, Lawson, Lyons, Nixon, O’Keefe, Poulain, Redstone, Schollum, Travers and Watkins.",O’Keefe,,HDC
Hastings District Council,30/05/2019,Council,"Councillors Barber, Dixon, Harvey, Heaps, Kerr, Lawson, Lyons, Nixon, O’Keefe, Poulain, Redstone, Schollum, Travers and Watkins.",Poulain,,HDC
Hastings District Council,30/05/2019,Council,"Councillors Barber, Dixon, Harvey, Heaps, Kerr, Lawson, Lyons, Nixon, O’Keefe, Poulain, Redstone, Schollum, Travers and Watkins.",Redstone,,HDC
Hastings District Council,30/05/2019,Council,"Councillors Barber, Dixon, Harvey, Heaps, Kerr, Lawson, Lyons, Nixon, O’Keefe, Poulain, Redstone, Schollum, Travers and Watkins.",Schollum,,HDC
Hastings District Council,30/05/2019,Council,"Councillors Barber, Dixon, Harvey, Heaps, Kerr, Lawson, Lyons, Nixon, O’Keefe, Poulain, Redstone, Schollum, Travers and Watkins.",Travers,,HDC
Hastings District Council,30/05/2019,Council,"Councillors Barber, Dixon, Harvey, Heaps, Kerr, Lawson, Lyons, Nixon, O’Keefe, Poulain, Redstone, Schollum, Travers and Watkins.",Watkins,,HDC
Hastings District Council,27/05/2019,Hastings District Rural Community Board,Mrs S Maxwell (Chair),,,
Hastings District Council,27/05/2019,Hastings District Rural Community Board,Mr N Dawson,,,
Hastings District Council,27/05/2019,Hastings District Rural Community Board,Councillors Kerr and Lyons,Kerr,,HDC
Hastings District Council,27/05/2019,Hastings District Rural Community Board,Councillors Kerr and Lyons,Lyons,,HDC
Hastings District Council,22/05/2019,HDC - Māori Joint Committee,"Chair: Mr Robin HapeCouncillors Travers, Barber, (Deputy Chair) Lawson and PoulainMessrs Te Rangihau Gilbert, Ms Tracee Te Huiaand Mr Ngaio Tiuka Kaumātua: Jerry Hapuku",,,
Hastings District Council,22/05/2019,HDC - Māori Joint Committee,"Chair: Mr Robin HapeCouncillors Travers, Barber, (Deputy Chair) Lawson and PoulainMessrs Te Rangihau Gilbert, Ms Tracee Te Huiaand Mr Ngaio Tiuka Kaumātua: Jerry Hapuku",Travers,,HDC
Hastings District Council,22/05/2019,HDC - Māori Joint Committee,"Chair: Mr Robin HapeCouncillors Travers, Barber, (Deputy Chair) Lawson and PoulainMessrs Te Rangihau Gilbert, Ms Tracee Te Huiaand Mr Ngaio Tiuka Kaumātua: Jerry Hapuku",Barber,,HDC
Hastings District Council,22/05/2019,HDC - Māori Joint Committee,"Chair: Mr Robin HapeCouncillors Travers, Barber, (Deputy Chair) Lawson and PoulainMessrs Te Rangihau Gilbert, Ms Tracee Te Huiaand Mr Ngaio Tiuka Kaumātua: Jerry Hapuku",Lawson,,HDC
Hastings District Council,22/05/2019,HDC - Māori Joint Committee,"Chair: Mr Robin HapeCouncillors Travers, Barber, (Deputy Chair) Lawson and PoulainMessrs Te Rangihau Gilbert, Ms Tracee Te Huiaand Mr Ngaio Tiuka Kaumātua: Jerry Hapuku",Poulain,,HDC
Hastings District Council,22/05/2019,HDC - Māori Joint Committee,"Chair: Mr Robin HapeCouncillors Travers, Barber, (Deputy Chair) Lawson and PoulainMessrs Te Rangihau Gilbert, Ms Tracee Te Huiaand Mr Ngaio Tiuka Kaumātua: Jerry Hapuku",,,
Hastings District Council,22/05/2019,HDC - Māori Joint Committee,"Chair: Mr Robin HapeCouncillors Travers, Barber, (Deputy Chair) Lawson and PoulainMessrs Te Rangihau Gilbert, Ms Tracee Te Huiaand Mr Ngaio Tiuka Kaumātua: Jerry Hapuku",,,
Hastings District Council,22/05/2019,HDC - Māori Joint Committee,"Chair: Mr Robin HapeCouncillors Travers, Barber, (Deputy Chair) Lawson and PoulainMessrs Te Rangihau Gilbert, Ms Tracee Te Huiaand Mr Ngaio Tiuka Kaumātua: Jerry Hapuku",,,
Hastings District Council,22/05/2019,HDC - Māori Joint Committee,"Chair: Mr Robin HapeCouncillors Travers, Barber, (Deputy Chair) Lawson and PoulainMessrs Te Rangihau Gilbert, Ms Tracee Te Huiaand Mr Ngaio Tiuka Kaumātua: Jerry Hapuku",,,
Hastings District Council,20/05/2019,Community Grants Subcommittee,Councillor Dixon (Chair),Dixon,,HDC
Hastings District Council,20/05/2019,Community Grants Subcommittee,"                                          Councillors Barber, Harvey, Lawson, Schollum and Watkins.",Barber,,HDC
Hastings District Council,20/05/2019,Community Grants Subcommittee,"                                          Councillors Barber, Harvey, Lawson, Schollum and Watkins.",Harvey,,HDC
Hastings District Council,20/05/2019,Community Grants Subcommittee,"                                          Councillors Barber, Harvey, Lawson, Schollum and Watkins.",Lawson,,HDC
Hastings District Council,20/05/2019,Community Grants Subcommittee,"                                          Councillors Barber, Harvey, Lawson, Schollum and Watkins.",Schollum,,HDC
Hastings District Council,20/05/2019,Community Grants Subcommittee,"                                          Councillors Barber, Harvey, Lawson, Schollum and Watkins.",Watkins,,HDC
Hastings District Council,16/05/2019,Strategy Planning and Partnerships Committee,Councillor Lyons (Chair),Lyons,,HDC
Hastings District Council,16/05/2019,Strategy Planning and Partnerships Committee,Mayor Hazlehurst,Hazlehurst,,HDC
Hastings District Council,16/05/2019,Strategy Planning and Partnerships Committee,"Councillors Barber (Deputy Chair), Dixon, Harvey, Heaps, Nixon, O’Keefe, Poulain, Redstone, Schollum, Travers and Watkins and Tracee Te Huia ",Barber,,HDC
Hastings District Council,16/05/2019,Strategy Planning and Partnerships Committee,"Councillors Barber (Deputy Chair), Dixon, Harvey, Heaps, Nixon, O’Keefe, Poulain, Redstone, Schollum, Travers and Watkins and Tracee Te Huia ",Dixon,,HDC
Hastings District Council,16/05/2019,Strategy Planning and Partnerships Committee,"Councillors Barber (Deputy Chair), Dixon, Harvey, Heaps, Nixon, O’Keefe, Poulain, Redstone, Schollum, Travers and Watkins and Tracee Te Huia ",Harvey,,HDC
Hastings District Council,16/05/2019,Strategy Planning and Partnerships Committee,"Councillors Barber (Deputy Chair), Dixon, Harvey, Heaps, Nixon, O’Keefe, Poulain, Redstone, Schollum, Travers and Watkins and Tracee Te Huia ",Heaps,,HDC
Hastings District Council,16/05/2019,Strategy Planning and Partnerships Committee,"Councillors Barber (Deputy Chair), Dixon, Harvey, Heaps, Nixon, O’Keefe, Poulain, Redstone, Schollum, Travers and Watkins and Tracee Te Huia ",Nixon,,HDC
Hastings District Council,16/05/2019,Strategy Planning and Partnerships Committee,"Councillors Barber (Deputy Chair), Dixon, Harvey, Heaps, Nixon, O’Keefe, Poulain, Redstone, Schollum, Travers and Watkins and Tracee Te Huia ",O’Keefe,,HDC
Hastings District Council,16/05/2019,Strategy Planning and Partnerships Committee,"Councillors Barber (Deputy Chair), Dixon, Harvey, Heaps, Nixon, O’Keefe, Poulain, Redstone, Schollum, Travers and Watkins and Tracee Te Huia ",Poulain,,HDC
Hastings District Council,16/05/2019,Strategy Planning and Partnerships Committee,"Councillors Barber (Deputy Chair), Dixon, Harvey, Heaps, Nixon, O’Keefe, Poulain, Redstone, Schollum, Travers and Watkins and Tracee Te Huia ",Redstone,,HDC
Hastings District Council,16/05/2019,Strategy Planning and Partnerships Committee,"Councillors Barber (Deputy Chair), Dixon, Harvey, Heaps, Nixon, O’Keefe, Poulain, Redstone, Schollum, Travers and Watkins and Tracee Te Huia ",Schollum,,HDC
Hastings District Council,16/05/2019,Strategy Planning and Partnerships Committee,"Councillors Barber (Deputy Chair), Dixon, Harvey, Heaps, Nixon, O’Keefe, Poulain, Redstone, Schollum, Travers and Watkins and Tracee Te Huia ",Travers,,HDC
Hastings District Council,16/05/2019,Strategy Planning and Partnerships Committee,"Councillors Barber (Deputy Chair), Dixon, Harvey, Heaps, Nixon, O’Keefe, Poulain, Redstone, Schollum, Travers and Watkins and Tracee Te Huia ",Watkins,,HDC
Hastings District Council,16/05/2019,Strategy Planning and Partnerships Committee,"Councillors Barber (Deputy Chair), Dixon, Harvey, Heaps, Nixon, O’Keefe, Poulain, Redstone, Schollum, Travers and Watkins and Tracee Te Huia ",,,
Hastings District Council,14/05/2019,International Advisory Group,Chair: Councillor Travers,Travers,,HDC
Hastings District Council,14/05/2019,International Advisory Group,Mayor Hazlehurst,Hazlehurst,,HDC
Hastings District Council,14/05/2019,International Advisory Group,Councillors Dixon and Watkins,Dixon,,HDC
Hastings District Council,14/05/2019,International Advisory Group,Councillors Dixon and Watkins,Watkins,,HDC
Hastings District Council,09/05/2019,Hearings Committee,,,,
Hastings District Council,09/05/2019,Temporary Road Closures Subcommittee,Councillor Nixon (Chair),Nixon,,HDC
Hastings District Council,09/05/2019,Temporary Road Closures Subcommittee,Councillor Watkins (Deputy Chair),Watkins,,HDC
Hastings District Council,08/05/2019,Hastings District Youth Council,Councillor Dixon – Council Liaison,Dixon,,HDC
Hastings District Council,06/05/2019,Risk and Audit Subcommittee,Mr J Nichols (Chair) ,,,
Hastings District Council,06/05/2019,Risk and Audit Subcommittee,Mayor Hazlehurst,Hazlehurst,,HDC
Hastings District Council,06/05/2019,Risk and Audit Subcommittee,Deputy Mayor Kerr (Deputy Chair),Kerr,,HDC
Hastings District Council,06/05/2019,Risk and Audit Subcommittee,Councillors Nixon and Travers ,Nixon,,HDC
Hastings District Council,06/05/2019,Risk and Audit Subcommittee,Councillors Nixon and Travers ,Travers,,HDC
Hastings District Council,06/05/2019,Risk and Audit Subcommittee,,,,
Hastings District Council,02/05/2019,Council,Mayor Hazlehurst (Chair),Hazlehurst,,HDC
Hastings District Council,02/05/2019,Council,"Councillors Barber, Dixon, Harvey (left 4.00pm), Heaps, Kerr, Lawson, Lyons, Nixon, O’Keefe, Redstone, Schollum and Watkins.",Barber,,HDC
Hastings District Council,02/05/2019,Council,"Councillors Barber, Dixon, Harvey (left 4.00pm), Heaps, Kerr, Lawson, Lyons, Nixon, O’Keefe, Redstone, Schollum and Watkins.",Dixon,,HDC
Hastings District Council,02/05/2019,Council,"Councillors Barber, Dixon, Harvey (left 4.00pm), Heaps, Kerr, Lawson, Lyons, Nixon, O’Keefe, Redstone, Schollum and Watkins.",Harvey,,HDC
Hastings District Council,02/05/2019,Council,"Councillors Barber, Dixon, Harvey (left 4.00pm), Heaps, Kerr, Lawson, Lyons, Nixon, O’Keefe, Redstone, Schollum and Watkins.",Heaps,,HDC
Hastings District Council,02/05/2019,Council,"Councillors Barber, Dixon, Harvey (left 4.00pm), Heaps, Kerr, Lawson, Lyons, Nixon, O’Keefe, Redstone, Schollum and Watkins.",Kerr,,HDC
Hastings District Council,02/05/2019,Council,"Councillors Barber, Dixon, Harvey (left 4.00pm), Heaps, Kerr, Lawson, Lyons, Nixon, O’Keefe, Redstone, Schollum and Watkins.",Lawson,,HDC
Hastings District Council,02/05/2019,Council,"Councillors Barber, Dixon, Harvey (left 4.00pm), Heaps, Kerr, Lawson, Lyons, Nixon, O’Keefe, Redstone, Schollum and Watkins.",Lyons,,HDC
Hastings District Council,02/05/2019,Council,"Councillors Barber, Dixon, Harvey (left 4.00pm), Heaps, Kerr, Lawson, Lyons, Nixon, O’Keefe, Redstone, Schollum and Watkins.",Nixon,,HDC
Hastings District Council,02/05/2019,Council,"Councillors Barber, Dixon, Harvey (left 4.00pm), Heaps, Kerr, Lawson, Lyons, Nixon, O’Keefe, Redstone, Schollum and Watkins.",O’Keefe,,HDC
Hastings District Council,02/05/2019,Council,"Councillors Barber, Dixon, Harvey (left 4.00pm), Heaps, Kerr, Lawson, Lyons, Nixon, O’Keefe, Redstone, Schollum and Watkins.",Redstone,,HDC
Hastings District Council,02/05/2019,Council,"Councillors Barber, Dixon, Harvey (left 4.00pm), Heaps, Kerr, Lawson, Lyons, Nixon, O’Keefe, Redstone, Schollum and Watkins.",Schollum,,HDC
Hastings District Council,02/05/2019,Council,"Councillors Barber, Dixon, Harvey (left 4.00pm), Heaps, Kerr, Lawson, Lyons, Nixon, O’Keefe, Redstone, Schollum and Watkins.",Watkins,,HDC
Hastings District Council,24/04/2019,Temporary Road Closures Subcommittee,Councillor Nixon (Chair),Nixon,,HDC
Hastings District Council,24/04/2019,Temporary Road Closures Subcommittee,Councillor Watkins (Deputy Chair),Watkins,,HDC
Hastings District Council,24/04/2019,Tenders Subcommittee,Councillor Watkins(Chair)Councillors NixonandRedstone ,Watkins,,HDC
Hastings District Council,24/04/2019,Tenders Subcommittee,Councillor Watkins(Chair)Councillors NixonandRedstone ,Nixon,,HDC
Hastings District Council,24/04/2019,Tenders Subcommittee,Councillor Watkins(Chair)Councillors NixonandRedstone ,Redstone,,HDC
Hastings District Council,11/04/2019,Temporary Road Closures Subcommittee,Councillor Nixon (Chair),Nixon,,HDC
Hastings District Council,11/04/2019,Tenders Subcommittee,Councillor Travers (Chair),Travers,,HDC
Hastings District Council,11/04/2019,Tenders Subcommittee,"Councillors Lawson, Nixon, Redstone and Watkins (Deputy Chair)",Lawson,,HDC
Hastings District Council,11/04/2019,Tenders Subcommittee,"Councillors Lawson, Nixon, Redstone and Watkins (Deputy Chair)",Nixon,,HDC
Hastings District Council,11/04/2019,Tenders Subcommittee,"Councillors Lawson, Nixon, Redstone and Watkins (Deputy Chair)",Redstone,,HDC
Hastings District Council,11/04/2019,Tenders Subcommittee,"Councillors Lawson, Nixon, Redstone and Watkins (Deputy Chair)",Watkins,,HDC
Hastings District Council,09/04/2019,Community Development Committee,Chair: Councillor Dixon ,Dixon,,HDC
Hastings District Council,09/04/2019,Community Development Committee,Mayor Hazlehurst ,Hazlehurst,,HDC
Hastings District Council,09/04/2019,Community Development Committee,"Councillors Barber, Harvey (Deputy Chair), Heaps, Lawson, Lyons, Kerr, Nixon, Redstone, Schollum, Travers and Watkins and Evelyn Ratima (Appointed)",Barber,,HDC
Hastings District Council,09/04/2019,Community Development Committee,"Councillors Barber, Harvey (Deputy Chair), Heaps, Lawson, Lyons, Kerr, Nixon, Redstone, Schollum, Travers and Watkins and Evelyn Ratima (Appointed)",Harvey,,HDC
Hastings District Council,09/04/2019,Community Development Committee,"Councillors Barber, Harvey (Deputy Chair), Heaps, Lawson, Lyons, Kerr, Nixon, Redstone, Schollum, Travers and Watkins and Evelyn Ratima (Appointed)",Heaps,,HDC
Hastings District Council,09/04/2019,Community Development Committee,"Councillors Barber, Harvey (Deputy Chair), Heaps, Lawson, Lyons, Kerr, Nixon, Redstone, Schollum, Travers and Watkins and Evelyn Ratima (Appointed)",Lawson,,HDC
Hastings District Council,09/04/2019,Community Development Committee,"Councillors Barber, Harvey (Deputy Chair), Heaps, Lawson, Lyons, Kerr, Nixon, Redstone, Schollum, Travers and Watkins and Evelyn Ratima (Appointed)",Lyons,,HDC
Hastings District Council,09/04/2019,Community Development Committee,"Councillors Barber, Harvey (Deputy Chair), Heaps, Lawson, Lyons, Kerr, Nixon, Redstone, Schollum, Travers and Watkins and Evelyn Ratima (Appointed)",Kerr,,HDC
Hastings District Council,09/04/2019,Community Development Committee,"Councillors Barber, Harvey (Deputy Chair), Heaps, Lawson, Lyons, Kerr, Nixon, Redstone, Schollum, Travers and Watkins and Evelyn Ratima (Appointed)",Nixon,,HDC
Hastings District Council,09/04/2019,Community Development Committee,"Councillors Barber, Harvey (Deputy Chair), Heaps, Lawson, Lyons, Kerr, Nixon, Redstone, Schollum, Travers and Watkins and Evelyn Ratima (Appointed)",Redstone,,HDC
Hastings District Council,09/04/2019,Community Development Committee,"Councillors Barber, Harvey (Deputy Chair), Heaps, Lawson, Lyons, Kerr, Nixon, Redstone, Schollum, Travers and Watkins and Evelyn Ratima (Appointed)",Schollum,,HDC
Hastings District Council,09/04/2019,Community Development Committee,"Councillors Barber, Harvey (Deputy Chair), Heaps, Lawson, Lyons, Kerr, Nixon, Redstone, Schollum, Travers and Watkins and Evelyn Ratima (Appointed)",Travers,,HDC
Hastings District Council,09/04/2019,Community Development Committee,"Councillors Barber, Harvey (Deputy Chair), Heaps, Lawson, Lyons, Kerr, Nixon, Redstone, Schollum, Travers and Watkins and Evelyn Ratima (Appointed)",Watkins,,HDC
Hastings District Council,09/04/2019,Community Development Committee,"Councillors Barber, Harvey (Deputy Chair), Heaps, Lawson, Lyons, Kerr, Nixon, Redstone, Schollum, Travers and Watkins and Evelyn Ratima (Appointed)",,,
Hastings District Council,08/04/2019,HB Crematorium Committee,Chair: Councillor Dixon (HDC),Dixon,,HDC
Hastings District Council,08/04/2019,HB Crematorium Committee,                                               Councillor Watkins (HDC),Watkins,,HDC
Hastings District Council,08/04/2019,HB Crematorium Committee,Councillors McGrath and Taylor (NCC),McGrath,,NCC
Hastings District Council,08/04/2019,HB Crematorium Committee,Councillors McGrath and Taylor (NCC),Taylor,,NCC
Hastings District Council,03/04/2019,Hastings District Youth Council,,,,
Hastings District Council,28/03/2019,Council,Mayor Hazlehurst (Chair),Hazlehurst,,HDC
Hastings District Council,28/03/2019,Council,"Councillors Barber, Dixon, Harvey, Heaps, Kerr, Lawson, Lyons, Nixon, O’Keefe, Poulain, Redstone, Schollum, Travers and Watkins.",Barber,,HDC
Hastings District Council,28/03/2019,Council,"Councillors Barber, Dixon, Harvey, Heaps, Kerr, Lawson, Lyons, Nixon, O’Keefe, Poulain, Redstone, Schollum, Travers and Watkins.",Dixon,,HDC
Hastings District Council,28/03/2019,Council,"Councillors Barber, Dixon, Harvey, Heaps, Kerr, Lawson, Lyons, Nixon, O’Keefe, Poulain, Redstone, Schollum, Travers and Watkins.",Harvey,,HDC
Hastings District Council,28/03/2019,Council,"Councillors Barber, Dixon, Harvey, Heaps, Kerr, Lawson, Lyons, Nixon, O’Keefe, Poulain, Redstone, Schollum, Travers and Watkins.",Heaps,,HDC
Hastings District Council,28/03/2019,Council,"Councillors Barber, Dixon, Harvey, Heaps, Kerr, Lawson, Lyons, Nixon, O’Keefe, Poulain, Redstone, Schollum, Travers and Watkins.",Kerr,,HDC
Hastings District Council,28/03/2019,Council,"Councillors Barber, Dixon, Harvey, Heaps, Kerr, Lawson, Lyons, Nixon, O’Keefe, Poulain, Redstone, Schollum, Travers and Watkins.",Lawson,,HDC
Hastings District Council,28/03/2019,Council,"Councillors Barber, Dixon, Harvey, Heaps, Kerr, Lawson, Lyons, Nixon, O’Keefe, Poulain, Redstone, Schollum, Travers and Watkins.",Lyons,,HDC
Hastings District Council,28/03/2019,Council,"Councillors Barber, Dixon, Harvey, Heaps, Kerr, Lawson, Lyons, Nixon, O’Keefe, Poulain, Redstone, Schollum, Travers and Watkins.",Nixon,,HDC
Hastings District Council,28/03/2019,Council,"Councillors Barber, Dixon, Harvey, Heaps, Kerr, Lawson, Lyons, Nixon, O’Keefe, Poulain, Redstone, Schollum, Travers and Watkins.",O’Keefe,,HDC
Hastings District Council,28/03/2019,Council,"Councillors Barber, Dixon, Harvey, Heaps, Kerr, Lawson, Lyons, Nixon, O’Keefe, Poulain, Redstone, Schollum, Travers and Watkins.",Poulain,,HDC
Hastings District Council,28/03/2019,Council,"Councillors Barber, Dixon, Harvey, Heaps, Kerr, Lawson, Lyons, Nixon, O’Keefe, Poulain, Redstone, Schollum, Travers and Watkins.",Redstone,,HDC
Hastings District Council,28/03/2019,Council,"Councillors Barber, Dixon, Harvey, Heaps, Kerr, Lawson, Lyons, Nixon, O’Keefe, Poulain, Redstone, Schollum, Travers and Watkins.",Schollum,,HDC
Hastings District Council,28/03/2019,Council,"Councillors Barber, Dixon, Harvey, Heaps, Kerr, Lawson, Lyons, Nixon, O’Keefe, Poulain, Redstone, Schollum, Travers and Watkins.",Travers,,HDC
Hastings District Council,28/03/2019,Council,"Councillors Barber, Dixon, Harvey, Heaps, Kerr, Lawson, Lyons, Nixon, O’Keefe, Poulain, Redstone, Schollum, Travers and Watkins.",Watkins,,HDC
Hastings District Council,28/03/2019,Council Supplementary,,,,
Hastings District Council,28/03/2019,Tenders Subcommittee,Councillor Travers (Chair),Travers,,HDC
Hastings District Council,28/03/2019,Tenders Subcommittee,Nixon and Watkins (Deputy Chair),Nixon,,HDC
Hastings District Council,28/03/2019,Tenders Subcommittee,Nixon and Watkins (Deputy Chair),Watkins,,HDC
Hastings District Council,26/03/2019,Finance and Risk Committee,Chair: Councillor Travers ,Travers,,HDC
Hastings District Council,26/03/2019,Finance and Risk Committee,Mayor Hazlehurst,Hazlehurst,,HDC
Hastings District Council,26/03/2019,Finance and Risk Committee,"Councillors Dixon, Harvey, Heaps, Kerr (Deputy Chair), Lyons, Nixon, O’Keefe, Poulain, Redstone and Watkins",Dixon,,HDC
Hastings District Council,26/03/2019,Finance and Risk Committee,"Councillors Dixon, Harvey, Heaps, Kerr (Deputy Chair), Lyons, Nixon, O’Keefe, Poulain, Redstone and Watkins",Harvey,,HDC
Hastings District Council,26/03/2019,Finance and Risk Committee,"Councillors Dixon, Harvey, Heaps, Kerr (Deputy Chair), Lyons, Nixon, O’Keefe, Poulain, Redstone and Watkins",Heaps,,HDC
Hastings District Council,26/03/2019,Finance and Risk Committee,"Councillors Dixon, Harvey, Heaps, Kerr (Deputy Chair), Lyons, Nixon, O’Keefe, Poulain, Redstone and Watkins",Kerr,,HDC
Hastings District Council,26/03/2019,Finance and Risk Committee,"Councillors Dixon, Harvey, Heaps, Kerr (Deputy Chair), Lyons, Nixon, O’Keefe, Poulain, Redstone and Watkins",Lyons,,HDC
Hastings District Council,26/03/2019,Finance and Risk Committee,"Councillors Dixon, Harvey, Heaps, Kerr (Deputy Chair), Lyons, Nixon, O’Keefe, Poulain, Redstone and Watkins",Nixon,,HDC
Hastings District Council,26/03/2019,Finance and Risk Committee,"Councillors Dixon, Harvey, Heaps, Kerr (Deputy Chair), Lyons, Nixon, O’Keefe, Poulain, Redstone and Watkins",O’Keefe,,HDC
Hastings District Council,26/03/2019,Finance and Risk Committee,"Councillors Dixon, Harvey, Heaps, Kerr (Deputy Chair), Lyons, Nixon, O’Keefe, Poulain, Redstone and Watkins",Poulain,,HDC
Hastings District Council,26/03/2019,Finance and Risk Committee,"Councillors Dixon, Harvey, Heaps, Kerr (Deputy Chair), Lyons, Nixon, O’Keefe, Poulain, Redstone and Watkins",Redstone,,HDC
Hastings District Council,26/03/2019,Finance and Risk Committee,"Councillors Dixon, Harvey, Heaps, Kerr (Deputy Chair), Lyons, Nixon, O’Keefe, Poulain, Redstone and Watkins",Watkins,,HDC
Hastings District Council,25/03/2019,Hearings Committee,Chair: Councillor Lyons,Lyons,,HDC
Hastings District Council,25/03/2019,Hearings Committee,"Councillors Barber, Heaps, Kerr (Deputy Chair), Redstone and Schollum and Mr P Kay ",Barber,,HDC
Hastings District Council,25/03/2019,Hearings Committee,"Councillors Barber, Heaps, Kerr (Deputy Chair), Redstone and Schollum and Mr P Kay ",Heaps,,HDC
Hastings District Council,25/03/2019,Hearings Committee,"Councillors Barber, Heaps, Kerr (Deputy Chair), Redstone and Schollum and Mr P Kay ",Kerr,,HDC
Hastings District Council,25/03/2019,Hearings Committee,"Councillors Barber, Heaps, Kerr (Deputy Chair), Redstone and Schollum and Mr P Kay ",Redstone,,HDC
Hastings District Council,25/03/2019,Hearings Committee,"Councillors Barber, Heaps, Kerr (Deputy Chair), Redstone and Schollum and Mr P Kay ",Schollum,,HDC
Hastings District Council,25/03/2019,Hearings Committee,"Councillors Barber, Heaps, Kerr (Deputy Chair), Redstone and Schollum and Mr P Kay ",Mr P Kay,,
Hastings District Council,22/03/2019,Joint Council Waste Futures Project Steering Committee,Chair: Councillor Travers ,Travers,,HDC
Hastings District Council,22/03/2019,Joint Council Waste Futures Project Steering Committee,Mayor Hazlehurst,Hazlehurst,,HDC
Hastings District Council,22/03/2019,Joint Council Waste Futures Project Steering Committee,"Councillors Dixon, Harvey, Heaps, Kerr (Deputy Chair), Lyons, Nixon, O’Keefe, Poulain, Redstone and Watkins",Dixon,,HDC
Hastings District Council,22/03/2019,Joint Council Waste Futures Project Steering Committee,"Councillors Dixon, Harvey, Heaps, Kerr (Deputy Chair), Lyons, Nixon, O’Keefe, Poulain, Redstone and Watkins",Harvey,,HDC
Hastings District Council,22/03/2019,Joint Council Waste Futures Project Steering Committee,"Councillors Dixon, Harvey, Heaps, Kerr (Deputy Chair), Lyons, Nixon, O’Keefe, Poulain, Redstone and Watkins",Heaps,,HDC
Hastings District Council,22/03/2019,Joint Council Waste Futures Project Steering Committee,"Councillors Dixon, Harvey, Heaps, Kerr (Deputy Chair), Lyons, Nixon, O’Keefe, Poulain, Redstone and Watkins",Kerr,,HDC
Hastings District Council,22/03/2019,Joint Council Waste Futures Project Steering Committee,"Councillors Dixon, Harvey, Heaps, Kerr (Deputy Chair), Lyons, Nixon, O’Keefe, Poulain, Redstone and Watkins",Lyons,,HDC
Hastings District Council,22/03/2019,Joint Council Waste Futures Project Steering Committee,"Councillors Dixon, Harvey, Heaps, Kerr (Deputy Chair), Lyons, Nixon, O’Keefe, Poulain, Redstone and Watkins",Nixon,,HDC
Hastings District Council,22/03/2019,Joint Council Waste Futures Project Steering Committee,"Councillors Dixon, Harvey, Heaps, Kerr (Deputy Chair), Lyons, Nixon, O’Keefe, Poulain, Redstone and Watkins",O’Keefe,,HDC
Hastings District Council,22/03/2019,Joint Council Waste Futures Project Steering Committee,"Councillors Dixon, Harvey, Heaps, Kerr (Deputy Chair), Lyons, Nixon, O’Keefe, Poulain, Redstone and Watkins",Poulain,,HDC
Hastings District Council,22/03/2019,Joint Council Waste Futures Project Steering Committee,"Councillors Dixon, Harvey, Heaps, Kerr (Deputy Chair), Lyons, Nixon, O’Keefe, Poulain, Redstone and Watkins",Redstone,,HDC
Hastings District Council,22/03/2019,Joint Council Waste Futures Project Steering Committee,"Councillors Dixon, Harvey, Heaps, Kerr (Deputy Chair), Lyons, Nixon, O’Keefe, Poulain, Redstone and Watkins",Watkins,,HDC
Hastings District Council,18/03/2019,Landmarks Advisory Group,Chair: Councillor SchollumCouncillors Dixon and Travers,Schollum,,HDC
Hastings District Council,18/03/2019,Landmarks Advisory Group,Chair: Councillor SchollumCouncillors Dixon and Travers,Dixon,,HDC
Hastings District Council,18/03/2019,Landmarks Advisory Group,Chair: Councillor SchollumCouncillors Dixon and Travers,Travers,,HDC
Hastings District Council,14/03/2019,Strategy Planning and Partnerships Committee,Councillor Lyons (Chair),Lyons,,HDC
Hastings District Council,14/03/2019,Strategy Planning and Partnerships Committee,Mayor Hazlehurst,Hazlehurst,,HDC
Hastings District Council,14/03/2019,Strategy Planning and Partnerships Committee,"Councillors Barber (Deputy Chair), Dixon, Harvey, Heaps, Kerr, Lawson, Nixon, O’Keefe, Poulain, Redstone, Schollum, Travers and Watkins ",Barber,,HDC
Hastings District Council,14/03/2019,Strategy Planning and Partnerships Committee,"Councillors Barber (Deputy Chair), Dixon, Harvey, Heaps, Kerr, Lawson, Nixon, O’Keefe, Poulain, Redstone, Schollum, Travers and Watkins ",Dixon,,HDC
Hastings District Council,14/03/2019,Strategy Planning and Partnerships Committee,"Councillors Barber (Deputy Chair), Dixon, Harvey, Heaps, Kerr, Lawson, Nixon, O’Keefe, Poulain, Redstone, Schollum, Travers and Watkins ",Harvey,,HDC
Hastings District Council,14/03/2019,Strategy Planning and Partnerships Committee,"Councillors Barber (Deputy Chair), Dixon, Harvey, Heaps, Kerr, Lawson, Nixon, O’Keefe, Poulain, Redstone, Schollum, Travers and Watkins ",Heaps,,HDC
Hastings District Council,14/03/2019,Strategy Planning and Partnerships Committee,"Councillors Barber (Deputy Chair), Dixon, Harvey, Heaps, Kerr, Lawson, Nixon, O’Keefe, Poulain, Redstone, Schollum, Travers and Watkins ",Kerr,,HDC
Hastings District Council,14/03/2019,Strategy Planning and Partnerships Committee,"Councillors Barber (Deputy Chair), Dixon, Harvey, Heaps, Kerr, Lawson, Nixon, O’Keefe, Poulain, Redstone, Schollum, Travers and Watkins ",Lawson,,HDC
Hastings District Council,14/03/2019,Strategy Planning and Partnerships Committee,"Councillors Barber (Deputy Chair), Dixon, Harvey, Heaps, Kerr, Lawson, Nixon, O’Keefe, Poulain, Redstone, Schollum, Travers and Watkins ",Nixon,,HDC
Hastings District Council,14/03/2019,Strategy Planning and Partnerships Committee,"Councillors Barber (Deputy Chair), Dixon, Harvey, Heaps, Kerr, Lawson, Nixon, O’Keefe, Poulain, Redstone, Schollum, Travers and Watkins ",O’Keefe,,HDC
Hastings District Council,14/03/2019,Strategy Planning and Partnerships Committee,"Councillors Barber (Deputy Chair), Dixon, Harvey, Heaps, Kerr, Lawson, Nixon, O’Keefe, Poulain, Redstone, Schollum, Travers and Watkins ",Poulain,,HDC
Hastings District Council,14/03/2019,Strategy Planning and Partnerships Committee,"Councillors Barber (Deputy Chair), Dixon, Harvey, Heaps, Kerr, Lawson, Nixon, O’Keefe, Poulain, Redstone, Schollum, Travers and Watkins ",Redstone,,HDC
Hastings District Council,14/03/2019,Strategy Planning and Partnerships Committee,"Councillors Barber (Deputy Chair), Dixon, Harvey, Heaps, Kerr, Lawson, Nixon, O’Keefe, Poulain, Redstone, Schollum, Travers and Watkins ",Schollum,,HDC
Hastings District Council,14/03/2019,Strategy Planning and Partnerships Committee,"Councillors Barber (Deputy Chair), Dixon, Harvey, Heaps, Kerr, Lawson, Nixon, O’Keefe, Poulain, Redstone, Schollum, Travers and Watkins ",Travers,,HDC
Hastings District Council,14/03/2019,Strategy Planning and Partnerships Committee,"Councillors Barber (Deputy Chair), Dixon, Harvey, Heaps, Kerr, Lawson, Nixon, O’Keefe, Poulain, Redstone, Schollum, Travers and Watkins ",Watkins,,HDC
Hastings District Council,12/03/2019,Council,Mayor Hazlehurst (Chair),Hazlehurst,,HDC
Hastings District Council,12/03/2019,Council,"Councillors Barber, Dixon, Harvey, Heaps, Kerr, Lawson, Nixon, O’Keefe, Poulain, Redstone, Schollum, Travers and Watkins.",Barber,,HDC
Hastings District Council,12/03/2019,Council,"Councillors Barber, Dixon, Harvey, Heaps, Kerr, Lawson, Nixon, O’Keefe, Poulain, Redstone, Schollum, Travers and Watkins.",Dixon,,HDC
Hastings District Council,12/03/2019,Council,"Councillors Barber, Dixon, Harvey, Heaps, Kerr, Lawson, Nixon, O’Keefe, Poulain, Redstone, Schollum, Travers and Watkins.",Harvey,,HDC
Hastings District Council,12/03/2019,Council,"Councillors Barber, Dixon, Harvey, Heaps, Kerr, Lawson, Nixon, O’Keefe, Poulain, Redstone, Schollum, Travers and Watkins.",Heaps,,HDC
Hastings District Council,12/03/2019,Council,"Councillors Barber, Dixon, Harvey, Heaps, Kerr, Lawson, Nixon, O’Keefe, Poulain, Redstone, Schollum, Travers and Watkins.",Kerr,,HDC
Hastings District Council,12/03/2019,Council,"Councillors Barber, Dixon, Harvey, Heaps, Kerr, Lawson, Nixon, O’Keefe, Poulain, Redstone, Schollum, Travers and Watkins.",Lawson,,HDC
Hastings District Council,12/03/2019,Council,"Councillors Barber, Dixon, Harvey, Heaps, Kerr, Lawson, Nixon, O’Keefe, Poulain, Redstone, Schollum, Travers and Watkins.",Nixon,,HDC
Hastings District Council,12/03/2019,Council,"Councillors Barber, Dixon, Harvey, Heaps, Kerr, Lawson, Nixon, O’Keefe, Poulain, Redstone, Schollum, Travers and Watkins.",O’Keefe,,HDC
Hastings District Council,12/03/2019,Council,"Councillors Barber, Dixon, Harvey, Heaps, Kerr, Lawson, Nixon, O’Keefe, Poulain, Redstone, Schollum, Travers and Watkins.",Poulain,,HDC
Hastings District Council,12/03/2019,Council,"Councillors Barber, Dixon, Harvey, Heaps, Kerr, Lawson, Nixon, O’Keefe, Poulain, Redstone, Schollum, Travers and Watkins.",Redstone,,HDC
Hastings District Council,12/03/2019,Council,"Councillors Barber, Dixon, Harvey, Heaps, Kerr, Lawson, Nixon, O’Keefe, Poulain, Redstone, Schollum, Travers and Watkins.",Schollum,,HDC
Hastings District Council,12/03/2019,Council,"Councillors Barber, Dixon, Harvey, Heaps, Kerr, Lawson, Nixon, O’Keefe, Poulain, Redstone, Schollum, Travers and Watkins.",Travers,,HDC
Hastings District Council,12/03/2019,Council,"Councillors Barber, Dixon, Harvey, Heaps, Kerr, Lawson, Nixon, O’Keefe, Poulain, Redstone, Schollum, Travers and Watkins.",Watkins,,HDC
Hastings District Council,06/03/2019,HDC - Māori Joint Committee,Chair: Mr Robin Hape,,,
Hastings District Council,06/03/2019,HDC - Māori Joint Committee,"                                               Councillors Travers, Barber, (Deputy Chair) and Poulain",Travers,,HDC
Hastings District Council,06/03/2019,HDC - Māori Joint Committee,"                                               Councillors Travers, Barber, (Deputy Chair) and Poulain",Barber,,HDC
Hastings District Council,06/03/2019,HDC - Māori Joint Committee,"                                               Councillors Travers, Barber, (Deputy Chair) and Poulain",Poulain,,HDC
Hastings District Council,06/03/2019,HDC - Māori Joint Committee Supplementary,,,,
Hastings District Council,05/03/2019,Council,"Mayor Hazlehurst (Chair)Councillors Barber, Dixon, Harvey, Heaps, Kerr, Nixon, O’Keefe, Poulain, Redstone, Schollum, Travers and Watkins.",Hazlehurst,,HDC
Hastings District Council,05/03/2019,Council,"Mayor Hazlehurst (Chair)Councillors Barber, Dixon, Harvey, Heaps, Kerr, Nixon, O’Keefe, Poulain, Redstone, Schollum, Travers and Watkins.",Barber,,HDC
Hastings District Council,05/03/2019,Council,"Mayor Hazlehurst (Chair)Councillors Barber, Dixon, Harvey, Heaps, Kerr, Nixon, O’Keefe, Poulain, Redstone, Schollum, Travers and Watkins.",Dixon,,HDC
Hastings District Council,05/03/2019,Council,"Mayor Hazlehurst (Chair)Councillors Barber, Dixon, Harvey, Heaps, Kerr, Nixon, O’Keefe, Poulain, Redstone, Schollum, Travers and Watkins.",Harvey,,HDC
Hastings District Council,05/03/2019,Council,"Mayor Hazlehurst (Chair)Councillors Barber, Dixon, Harvey, Heaps, Kerr, Nixon, O’Keefe, Poulain, Redstone, Schollum, Travers and Watkins.",Heaps,,HDC
Hastings District Council,05/03/2019,Council,"Mayor Hazlehurst (Chair)Councillors Barber, Dixon, Harvey, Heaps, Kerr, Nixon, O’Keefe, Poulain, Redstone, Schollum, Travers and Watkins.",Kerr,,HDC
Hastings District Council,05/03/2019,Council,"Mayor Hazlehurst (Chair)Councillors Barber, Dixon, Harvey, Heaps, Kerr, Nixon, O’Keefe, Poulain, Redstone, Schollum, Travers and Watkins.",Nixon,,HDC
Hastings District Council,05/03/2019,Council,"Mayor Hazlehurst (Chair)Councillors Barber, Dixon, Harvey, Heaps, Kerr, Nixon, O’Keefe, Poulain, Redstone, Schollum, Travers and Watkins.",O’Keefe,,HDC
Hastings District Council,05/03/2019,Council,"Mayor Hazlehurst (Chair)Councillors Barber, Dixon, Harvey, Heaps, Kerr, Nixon, O’Keefe, Poulain, Redstone, Schollum, Travers and Watkins.",Poulain,,HDC
Hastings District Council,05/03/2019,Council,"Mayor Hazlehurst (Chair)Councillors Barber, Dixon, Harvey, Heaps, Kerr, Nixon, O’Keefe, Poulain, Redstone, Schollum, Travers and Watkins.",Redstone,,HDC
Hastings District Council,05/03/2019,Council,"Mayor Hazlehurst (Chair)Councillors Barber, Dixon, Harvey, Heaps, Kerr, Nixon, O’Keefe, Poulain, Redstone, Schollum, Travers and Watkins.",Schollum,,HDC
Hastings District Council,05/03/2019,Council,"Mayor Hazlehurst (Chair)Councillors Barber, Dixon, Harvey, Heaps, Kerr, Nixon, O’Keefe, Poulain, Redstone, Schollum, Travers and Watkins.",Travers,,HDC
Hastings District Council,05/03/2019,Council,"Mayor Hazlehurst (Chair)Councillors Barber, Dixon, Harvey, Heaps, Kerr, Nixon, O’Keefe, Poulain, Redstone, Schollum, Travers and Watkins.",Watkins,,HDC
Hastings District Council,04/03/2019,Hastings District Rural Community Board,Councillor Kerr  ,Kerr,,HDC
Hastings District Council,04/03/2019,Hastings District Rural Community Board Supplementary,,,,
Hastings District Council,28/02/2019,Temporary Road Closures Subcommittee,Councillor Nixon (Chair),Nixon,,HDC
Hastings District Council,28/02/2019,Temporary Road Closures Subcommittee,Councillor Watkins (Deputy Chair),Watkins,,HDC
Hastings District Council,28/02/2019,Tenders Subcommittee,Councillor Travers (Chair),Travers,,HDC
Hastings District Council,28/02/2019,Tenders Subcommittee,"Councillors Lawson, Nixon and Watkins (Deputy Chair)",Lawson,,HDC
Hastings District Council,28/02/2019,Tenders Subcommittee,"Councillors Lawson, Nixon and Watkins (Deputy Chair)",Nixon,,HDC
Hastings District Council,28/02/2019,Tenders Subcommittee,"Councillors Lawson, Nixon and Watkins (Deputy Chair)",Watkins,,HDC
Hastings District Council,28/02/2019,Works and Services Committee,Chair: Councillor Watkins ,Watkins,,HDC
Hastings District Council,28/02/2019,Works and Services Committee,Mayor Hazlehurst,Hazlehurst,,HDC
Hastings District Council,28/02/2019,Works and Services Committee,"Councillors Barber, Dixon, Harvey, Heaps (Deputy Chair), Kerr, Lawson, Lyons, Nixon, O’Keefe, Poulain, Redstone, Schollum and Travers",Barber,,HDC
Hastings District Council,28/02/2019,Works and Services Committee,"Councillors Barber, Dixon, Harvey, Heaps (Deputy Chair), Kerr, Lawson, Lyons, Nixon, O’Keefe, Poulain, Redstone, Schollum and Travers",Dixon,,HDC
Hastings District Council,28/02/2019,Works and Services Committee,"Councillors Barber, Dixon, Harvey, Heaps (Deputy Chair), Kerr, Lawson, Lyons, Nixon, O’Keefe, Poulain, Redstone, Schollum and Travers",Harvey,,HDC
Hastings District Council,28/02/2019,Works and Services Committee,"Councillors Barber, Dixon, Harvey, Heaps (Deputy Chair), Kerr, Lawson, Lyons, Nixon, O’Keefe, Poulain, Redstone, Schollum and Travers",Heaps,,HDC
Hastings District Council,28/02/2019,Works and Services Committee,"Councillors Barber, Dixon, Harvey, Heaps (Deputy Chair), Kerr, Lawson, Lyons, Nixon, O’Keefe, Poulain, Redstone, Schollum and Travers",Kerr,,HDC
Hastings District Council,28/02/2019,Works and Services Committee,"Councillors Barber, Dixon, Harvey, Heaps (Deputy Chair), Kerr, Lawson, Lyons, Nixon, O’Keefe, Poulain, Redstone, Schollum and Travers",Lawson,,HDC
Hastings District Council,28/02/2019,Works and Services Committee,"Councillors Barber, Dixon, Harvey, Heaps (Deputy Chair), Kerr, Lawson, Lyons, Nixon, O’Keefe, Poulain, Redstone, Schollum and Travers",Lyons,,HDC
Hastings District Council,28/02/2019,Works and Services Committee,"Councillors Barber, Dixon, Harvey, Heaps (Deputy Chair), Kerr, Lawson, Lyons, Nixon, O’Keefe, Poulain, Redstone, Schollum and Travers",Nixon,,HDC
Hastings District Council,28/02/2019,Works and Services Committee,"Councillors Barber, Dixon, Harvey, Heaps (Deputy Chair), Kerr, Lawson, Lyons, Nixon, O’Keefe, Poulain, Redstone, Schollum and Travers",O’Keefe,,HDC
Hastings District Council,28/02/2019,Works and Services Committee,"Councillors Barber, Dixon, Harvey, Heaps (Deputy Chair), Kerr, Lawson, Lyons, Nixon, O’Keefe, Poulain, Redstone, Schollum and Travers",Poulain,,HDC
Hastings District Council,28/02/2019,Works and Services Committee,"Councillors Barber, Dixon, Harvey, Heaps (Deputy Chair), Kerr, Lawson, Lyons, Nixon, O’Keefe, Poulain, Redstone, Schollum and Travers",Redstone,,HDC
Hastings District Council,28/02/2019,Works and Services Committee,"Councillors Barber, Dixon, Harvey, Heaps (Deputy Chair), Kerr, Lawson, Lyons, Nixon, O’Keefe, Poulain, Redstone, Schollum and Travers",Schollum,,HDC
Hastings District Council,28/02/2019,Works and Services Committee,"Councillors Barber, Dixon, Harvey, Heaps (Deputy Chair), Kerr, Lawson, Lyons, Nixon, O’Keefe, Poulain, Redstone, Schollum and Travers",Travers,,HDC
Hastings District Council,26/02/2019,Community Development Committee,Chair: Councillor Dixon ,Dixon,,HDC
Hastings District Council,26/02/2019,Community Development Committee,Mayor Hazlehurst ,Hazlehurst,,HDC
Hastings District Council,26/02/2019,Community Development Committee,"Councillors Barber, Harvey (Deputy Chair), Heaps, Lawson, Lyons, Nixon, O’Keefe, Poulain, Redstone, Schollum, Travers and Watkins",Barber,,HDC
Hastings District Council,26/02/2019,Community Development Committee,"Councillors Barber, Harvey (Deputy Chair), Heaps, Lawson, Lyons, Nixon, O’Keefe, Poulain, Redstone, Schollum, Travers and Watkins",Harvey,,HDC
Hastings District Council,26/02/2019,Community Development Committee,"Councillors Barber, Harvey (Deputy Chair), Heaps, Lawson, Lyons, Nixon, O’Keefe, Poulain, Redstone, Schollum, Travers and Watkins",Heaps,,HDC
Hastings District Council,26/02/2019,Community Development Committee,"Councillors Barber, Harvey (Deputy Chair), Heaps, Lawson, Lyons, Nixon, O’Keefe, Poulain, Redstone, Schollum, Travers and Watkins",Lawson,,HDC
Hastings District Council,26/02/2019,Community Development Committee,"Councillors Barber, Harvey (Deputy Chair), Heaps, Lawson, Lyons, Nixon, O’Keefe, Poulain, Redstone, Schollum, Travers and Watkins",Lyons,,HDC
Hastings District Council,26/02/2019,Community Development Committee,"Councillors Barber, Harvey (Deputy Chair), Heaps, Lawson, Lyons, Nixon, O’Keefe, Poulain, Redstone, Schollum, Travers and Watkins",Nixon,,HDC
Hastings District Council,26/02/2019,Community Development Committee,"Councillors Barber, Harvey (Deputy Chair), Heaps, Lawson, Lyons, Nixon, O’Keefe, Poulain, Redstone, Schollum, Travers and Watkins",O’Keefe,,HDC
Hastings District Council,26/02/2019,Community Development Committee,"Councillors Barber, Harvey (Deputy Chair), Heaps, Lawson, Lyons, Nixon, O’Keefe, Poulain, Redstone, Schollum, Travers and Watkins",Poulain,,HDC
Hastings District Council,26/02/2019,Community Development Committee,"Councillors Barber, Harvey (Deputy Chair), Heaps, Lawson, Lyons, Nixon, O’Keefe, Poulain, Redstone, Schollum, Travers and Watkins",Redstone,,HDC
Hastings District Council,26/02/2019,Community Development Committee,"Councillors Barber, Harvey (Deputy Chair), Heaps, Lawson, Lyons, Nixon, O’Keefe, Poulain, Redstone, Schollum, Travers and Watkins",Schollum,,HDC
Hastings District Council,26/02/2019,Community Development Committee,"Councillors Barber, Harvey (Deputy Chair), Heaps, Lawson, Lyons, Nixon, O’Keefe, Poulain, Redstone, Schollum, Travers and Watkins",Travers,,HDC
Hastings District Council,26/02/2019,Community Development Committee,"Councillors Barber, Harvey (Deputy Chair), Heaps, Lawson, Lyons, Nixon, O’Keefe, Poulain, Redstone, Schollum, Travers and Watkins",Watkins,,HDC
Hastings District Council,21/02/2019,Council,Mayor Hazlehurst (Chair),Hazlehurst,,HDC
Hastings District Council,21/02/2019,Council,"Councillors Barber, Dixon, Harvey, Lawson, Lyons, Nixon, O’Keefe, Poulain, Schollum, Travers and Watkins.",Barber,,HDC
Hastings District Council,21/02/2019,Council,"Councillors Barber, Dixon, Harvey, Lawson, Lyons, Nixon, O’Keefe, Poulain, Schollum, Travers and Watkins.",Dixon,,HDC
Hastings District Council,21/02/2019,Council,"Councillors Barber, Dixon, Harvey, Lawson, Lyons, Nixon, O’Keefe, Poulain, Schollum, Travers and Watkins.",Harvey,,HDC
Hastings District Council,21/02/2019,Council,"Councillors Barber, Dixon, Harvey, Lawson, Lyons, Nixon, O’Keefe, Poulain, Schollum, Travers and Watkins.",Lawson,,HDC
Hastings District Council,21/02/2019,Council,"Councillors Barber, Dixon, Harvey, Lawson, Lyons, Nixon, O’Keefe, Poulain, Schollum, Travers and Watkins.",Lyons,,HDC
Hastings District Council,21/02/2019,Council,"Councillors Barber, Dixon, Harvey, Lawson, Lyons, Nixon, O’Keefe, Poulain, Schollum, Travers and Watkins.",Nixon,,HDC
Hastings District Council,21/02/2019,Council,"Councillors Barber, Dixon, Harvey, Lawson, Lyons, Nixon, O’Keefe, Poulain, Schollum, Travers and Watkins.",O’Keefe,,HDC
Hastings District Council,21/02/2019,Council,"Councillors Barber, Dixon, Harvey, Lawson, Lyons, Nixon, O’Keefe, Poulain, Schollum, Travers and Watkins.",Poulain,,HDC
Hastings District Council,21/02/2019,Council,"Councillors Barber, Dixon, Harvey, Lawson, Lyons, Nixon, O’Keefe, Poulain, Schollum, Travers and Watkins.",Schollum,,HDC
Hastings District Council,21/02/2019,Council,"Councillors Barber, Dixon, Harvey, Lawson, Lyons, Nixon, O’Keefe, Poulain, Schollum, Travers and Watkins.",Travers,,HDC
Hastings District Council,21/02/2019,Council,"Councillors Barber, Dixon, Harvey, Lawson, Lyons, Nixon, O’Keefe, Poulain, Schollum, Travers and Watkins.",Watkins,,HDC
Hastings District Council,19/02/2019,Commissioner Hearing,,,,
Hastings District Council,19/02/2019,Commissioner Hearing,,,,
Hastings District Council,19/02/2019,Commissioner Hearing,,,,
Hastings District Council,19/02/2019,Commissioner Hearing,,,,
Hastings District Council,19/02/2019,Opera House & Arts Precinct Subcommittee,,,,
Hastings District Council,18/02/2019,Risk and Audit Subcommittee,Mayor Hazlehurst,Hazlehurst,,HDC
Hastings District Council,18/02/2019,Risk and Audit Subcommittee,Councillors Nixon and Travers ,Nixon,,HDC
Hastings District Council,18/02/2019,Risk and Audit Subcommittee,Councillors Nixon and Travers ,Travers,,HDC
Hastings District Council,15/02/2019,Tenders Subcommittee,Councillor Travers (Chair),Travers,,HDC
Hastings District Council,15/02/2019,Tenders Subcommittee,"Councillors Lawson, Nixon, Redstone and Watkins (Deputy Chair)",Lawson,,HDC
Hastings District Council,15/02/2019,Tenders Subcommittee,"Councillors Lawson, Nixon, Redstone and Watkins (Deputy Chair)",Nixon,,HDC
Hastings District Council,15/02/2019,Tenders Subcommittee,"Councillors Lawson, Nixon, Redstone and Watkins (Deputy Chair)",Redstone,,HDC
Hastings District Council,15/02/2019,Tenders Subcommittee,"Councillors Lawson, Nixon, Redstone and Watkins (Deputy Chair)",Watkins,,HDC
Hastings District Council,13/02/2019,Council - Extraordinary,Mayor Hazlehurst (Chair),Hazlehurst,,HDC
Hastings District Council,13/02/2019,Council - Extraordinary,"Councillors Barber, Dixon, Heaps, Kerr, Lawson, Nixon, O’Keefe, Poulain, Redstone, Schollum, and Watkins.",Barber,,HDC
Hastings District Council,13/02/2019,Council - Extraordinary,"Councillors Barber, Dixon, Heaps, Kerr, Lawson, Nixon, O’Keefe, Poulain, Redstone, Schollum, and Watkins.",Dixon,,HDC
Hastings District Council,13/02/2019,Council - Extraordinary,"Councillors Barber, Dixon, Heaps, Kerr, Lawson, Nixon, O’Keefe, Poulain, Redstone, Schollum, and Watkins.",Heaps,,HDC
Hastings District Council,13/02/2019,Council - Extraordinary,"Councillors Barber, Dixon, Heaps, Kerr, Lawson, Nixon, O’Keefe, Poulain, Redstone, Schollum, and Watkins.",Kerr,,HDC
Hastings District Council,13/02/2019,Council - Extraordinary,"Councillors Barber, Dixon, Heaps, Kerr, Lawson, Nixon, O’Keefe, Poulain, Redstone, Schollum, and Watkins.",Lawson,,HDC
Hastings District Council,13/02/2019,Council - Extraordinary,"Councillors Barber, Dixon, Heaps, Kerr, Lawson, Nixon, O’Keefe, Poulain, Redstone, Schollum, and Watkins.",Nixon,,HDC
Hastings District Council,13/02/2019,Council - Extraordinary,"Councillors Barber, Dixon, Heaps, Kerr, Lawson, Nixon, O’Keefe, Poulain, Redstone, Schollum, and Watkins.",O’Keefe,,HDC
Hastings District Council,13/02/2019,Council - Extraordinary,"Councillors Barber, Dixon, Heaps, Kerr, Lawson, Nixon, O’Keefe, Poulain, Redstone, Schollum, and Watkins.",Poulain,,HDC
Hastings District Council,13/02/2019,Council - Extraordinary,"Councillors Barber, Dixon, Heaps, Kerr, Lawson, Nixon, O’Keefe, Poulain, Redstone, Schollum, and Watkins.",Redstone,,HDC
Hastings District Council,13/02/2019,Council - Extraordinary,"Councillors Barber, Dixon, Heaps, Kerr, Lawson, Nixon, O’Keefe, Poulain, Redstone, Schollum, and Watkins.",Schollum,,HDC
Hastings District Council,13/02/2019,Council - Extraordinary,"Councillors Barber, Dixon, Heaps, Kerr, Lawson, Nixon, O’Keefe, Poulain, Redstone, Schollum, and Watkins.",Watkins,,HDC
Hastings District Council,11/02/2019,Commissioner Hearing,,,,
Hastings District Council,11/02/2019,Commissioner Hearing,,,,
Hastings District Council,31/01/2019,Council,Mayor Hazlehurst (Chair),Hazlehurst,,HDC
Hastings District Council,31/01/2019,Council,"Councillors Barber, Dixon, Harvey, Heaps, Kerr, Lawson, Lyons, Nixon, Poulain, Redstone, Schollum, Travers and Watkins.",Barber,,HDC
Hastings District Council,31/01/2019,Council,"Councillors Barber, Dixon, Harvey, Heaps, Kerr, Lawson, Lyons, Nixon, Poulain, Redstone, Schollum, Travers and Watkins.",Dixon,,HDC
Hastings District Council,31/01/2019,Council,"Councillors Barber, Dixon, Harvey, Heaps, Kerr, Lawson, Lyons, Nixon, Poulain, Redstone, Schollum, Travers and Watkins.",Harvey,,HDC
Hastings District Council,31/01/2019,Council,"Councillors Barber, Dixon, Harvey, Heaps, Kerr, Lawson, Lyons, Nixon, Poulain, Redstone, Schollum, Travers and Watkins.",Heaps,,HDC
Hastings District Council,31/01/2019,Council,"Councillors Barber, Dixon, Harvey, Heaps, Kerr, Lawson, Lyons, Nixon, Poulain, Redstone, Schollum, Travers and Watkins.",Kerr,,HDC
Hastings District Council,31/01/2019,Council,"Councillors Barber, Dixon, Harvey, Heaps, Kerr, Lawson, Lyons, Nixon, Poulain, Redstone, Schollum, Travers and Watkins.",Lawson,,HDC
Hastings District Council,31/01/2019,Council,"Councillors Barber, Dixon, Harvey, Heaps, Kerr, Lawson, Lyons, Nixon, Poulain, Redstone, Schollum, Travers and Watkins.",Lyons,,HDC
Hastings District Council,31/01/2019,Council,"Councillors Barber, Dixon, Harvey, Heaps, Kerr, Lawson, Lyons, Nixon, Poulain, Redstone, Schollum, Travers and Watkins.",Nixon,,HDC
Hastings District Council,31/01/2019,Council,"Councillors Barber, Dixon, Harvey, Heaps, Kerr, Lawson, Lyons, Nixon, Poulain, Redstone, Schollum, Travers and Watkins.",Poulain,,HDC
Hastings District Council,31/01/2019,Council,"Councillors Barber, Dixon, Harvey, Heaps, Kerr, Lawson, Lyons, Nixon, Poulain, Redstone, Schollum, Travers and Watkins.",Redstone,,HDC
Hastings District Council,31/01/2019,Council,"Councillors Barber, Dixon, Harvey, Heaps, Kerr, Lawson, Lyons, Nixon, Poulain, Redstone, Schollum, Travers and Watkins.",Schollum,,HDC
Hastings District Council,31/01/2019,Council,"Councillors Barber, Dixon, Harvey, Heaps, Kerr, Lawson, Lyons, Nixon, Poulain, Redstone, Schollum, Travers and Watkins.",Travers,,HDC
Hastings District Council,31/01/2019,Council,"Councillors Barber, Dixon, Harvey, Heaps, Kerr, Lawson, Lyons, Nixon, Poulain, Redstone, Schollum, Travers and Watkins.",Watkins,,HDC
Hastings District Council,31/01/2019,Temporary Road Closures Subcommittee,Councillor Nixon (Chair)Councillor Watkins (Deputy Chair),Watkins,,HDC
Hastings District Council,31/01/2019,Temporary Road Closures Subcommittee,Councillor Nixon (Chair)Councillor Watkins (Deputy Chair),Nixon,,HDC
Hastings District Council,22/01/2019,Commissioner Hearing,,,,
Hastings District Council,22/01/2019,Tenders Subcommittee,Councillor Travers (Chair),Travers,,HDC
Hastings District Council,22/01/2019,Tenders Subcommittee,Councillors Redstone and Watkins (Deputy Chair),Watkins,,HDC
Hastings District Council,22/01/2019,Tenders Subcommittee,Councillors Redstone and Watkins (Deputy Chair),Redstone,,HDC
